22:20,22:21,6
23:00,23:00,6
11:28,11:30,5
15:58,16:00,5
05:28,05:30,1
06:28,06:30,1
05:53,05:55,1
07:03,07:05,1
06:23,06:25,1
07:33,07:35,1
10:52,10:54,1
17:23,17:25,1
06:53,06:55,1
08:03,08:05,1
07:33,07:35,1
08:35,08:37,1
07:53,07:55,1
09:03,09:05,1
08:28,08:30,1
09:30,09:32,1
10:03,10:05,1
09:34,09:36,1
10:33,10:35,1
09:53,09:55,1
10:33,10:35,1
11:33,11:35,1
10:53,10:55,1
11:53,11:55,1
11:25,11:27,1
12:33,12:35,1
11:53,11:55,1
13:03,13:05,1
12:23,12:25,1
13:33,13:35,1
12:53,12:55,1
14:03,14:05,1
14:23,14:25,1
15:33,15:35,1
15:03,15:05,1
16:03,16:05,1
15:28,15:30,1
16:33,16:35,1
15:53,15:55,1
17:03,17:05,1
16:23,16:25,1
17:28,17:30,1
17:03,17:05,1
18:03,18:05,1
18:33,18:35,1
17:53,17:55,1
19:03,19:05,1
18:23,18:25,1
19:33,19:35,1
18:58,19:00,1
20:03,20:05,1
19:53,19:55,1
20:53,20:55,1
21:18,21:20,1
22:28,22:30,1
05:18,05:20,1
07:18,07:20,1
06:48,06:50,1
06:18,06:20,1
08:18,08:20,1
08:48,08:50,1
12:49,12:50,1
09:20,09:22,1
10:18,10:20,1
12:18,12:20,1
13:48,13:50,1
14:18,14:20,1
18:53,18:55,1
19:23,19:25,1
19:38,19:40,1
06:33,06:35,1
07:08,07:10,1
07:38,07:40,1
08:08,08:10,1
08:39,08:41,1
09:25,09:27,1
09:39,09:41,1
10:08,10:10,1
13:08,13:10,1
10:38,10:40,1
13:38,13:40,1
14:08,14:10,1
15:08,15:10,1
15:38,15:40,1
11:38,11:40,1
17:08,17:10,1
17:53,17:55,1
18:08,18:10,1
20:08,20:10,1
20:38,20:40,1
21:38,21:40,1
22:03,22:05,1
06:03,06:05,1
06:53,06:55,1
07:24,07:26,1
07:53,07:55,1
08:26,08:28,1
08:53,08:55,1
09:08,09:10,1
09:53,09:55,1
10:23,10:25,1
11:03,11:05,1
11:23,11:25,1
12:08,12:10,1
12:23,12:25,1
12:53,12:55,1
13:53,13:55,1
14:23,14:25,1
14:53,14:55,1
15:23,15:25,1
15:53,15:55,1
16:23,16:25,1
16:53,16:55,1
17:23,17:25,1
17:38,17:40,1
18:23,18:25,1
18:38,18:40,1
19:08,19:10,1
19:53,19:55,1
20:28,20:30,1
21:03,21:05,1
21:23,21:25,1
21:53,21:55,1
22:23,22:25,1
22:53,22:55,1
23:55,23:57,1
15:48,15:50,1
16:18,16:20,1
11:48,11:50,1
16:48,16:50,1
17:18,17:20,1
18:18,18:20,1
18:48,18:50,1
19:18,19:20,1
20:18,20:20,1
20:48,20:50,1
05:03,05:05,1
05:33,05:35,1
06:03,06:05,1
07:03,07:05,1
07:23,07:25,1
08:03,08:05,1
08:33,08:35,1
09:03,09:05,1
06:33,06:35,1
09:24,09:26,1
10:03,10:05,1
10:23,10:25,1
11:33,11:35,1
12:03,12:05,1
12:33,12:35,1
13:03,13:05,1
13:33,13:35,1
14:03,14:05,1
14:53,14:55,1
15:33,15:35,1
16:03,16:05,1
16:33,16:35,1
16:54,16:56,1
17:34,17:36,1
18:03,18:05,1
18:33,18:35,1
19:03,19:05,1
19:32,19:34,1
20:03,20:05,1
20:33,20:35,1
21:03,21:05,1
21:23,21:25,1
22:49,22:50,1
14:33,14:35,1
08:53,08:55,1
00:02,00:02,1
05:48,05:50,1
07:48,07:50,1
17:48,17:50,1
21:49,21:51,1
23:25,23:27,1
05:30,05:30,1
08:21,08:23,4
06:58,07:00,4
23:20,23:22,3
05:18,05:20,3
06:09,06:10,3
05:48,05:50,3
06:47,06:49,3
08:23,08:25,3
07:46,07:48,3
09:20,09:22,3
10:53,10:54,3
09:51,09:53,3
10:46,10:48,3
12:07,12:09,3
12:16,12:18,3
13:52,13:54,3
13:32,13:34,3
14:54,14:56,3
15:12,15:14,3
16:08,16:08,3
16:23,16:25,3
18:10,18:12,3
17:32,17:32,3
19:09,19:11,3
18:47,18:49,3
20:36,20:46,3
19:39,19:49,3
20:28,20:30,3
05:08,05:10,2
05:23,05:25,2
05:38,05:40,2
05:55,05:55,2
05:14,05:16,2
05:23,05:25,2
05:38,05:40,2
05:43,05:45,2
06:00,06:02,2
06:13,06:15,2
06:28,06:30,2
06:43,06:45,2
07:09,07:11,2
07:28,07:30,2
07:43,07:45,2
07:58,08:00,2
08:09,08:11,2
08:25,08:27,2
08:43,08:45,2
08:58,09:00,2
09:10,09:12,2
09:14,09:16,2
09:28,09:30,2
09:44,09:46,2
09:59,10:00,2
10:10,10:12,2
10:13,10:15,2
10:28,10:30,2
10:43,10:45,2
10:58,11:00,2
11:29,11:31,2
11:43,11:45,2
11:58,12:00,2
12:08,12:10,2
12:38,12:40,2
12:44,12:46,2
12:59,13:00,2
13:13,13:15,2
13:28,13:30,2
14:01,14:03,2
14:09,14:11,2
14:28,14:30,2
14:38,14:40,2
15:14,15:16,2
15:44,15:46,2
15:58,16:00,2
16:28,16:30,2
16:59,17:01,2
17:08,17:10,2
17:14,17:16,2
17:58,18:00,2
18:09,18:11,2
18:15,18:17,2
18:28,18:30,2
18:43,18:45,2
19:08,19:10,2
19:12,19:14,2
19:28,19:30,2
19:38,19:40,2
19:57,19:59,2
20:09,20:11,2
20:24,20:26,2
20:39,20:41,2
20:43,20:45,2
20:58,21:00,2
21:13,21:15,2
21:39,21:41,2
22:03,22:05,2
22:23,22:25,2
23:00,23:02,2
06:13,06:15,2
06:23,06:25,2
06:38,06:40,2
06:43,06:45,2
06:58,07:00,2
07:13,07:15,2
07:18,07:20,2
07:28,07:30,2
07:43,07:45,2
07:48,07:50,2
07:58,08:00,2
08:22,08:24,2
08:31,08:33,2
08:43,08:45,2
08:48,08:50,2
08:58,09:00,2
09:20,09:22,2
09:45,09:47,2
09:58,10:00,2
10:12,10:14,2
10:18,10:20,2
10:48,10:50,2
11:13,11:15,2
11:18,11:20,2
11:43,11:45,2
11:59,12:00,2
12:48,12:50,2
12:58,13:00,2
13:13,13:15,2
13:48,13:50,2
14:13,14:15,2
14:18,14:20,2
14:28,14:30,2
15:13,15:15,2
15:18,15:20,2
15:28,15:30,2
15:43,15:45,2
15:58,16:00,2
16:18,16:20,2
16:28,16:30,2
16:43,16:45,2
16:48,16:50,2
16:59,17:01,2
17:13,17:15,2
17:33,17:35,2
17:43,17:45,2
17:58,18:00,2
18:13,18:15,2
18:18,18:20,2
18:28,18:30,2
18:58,19:00,2
19:13,19:15,2
19:18,19:20,2
19:28,19:30,2
19:43,19:45,2
19:58,20:00,2
20:13,20:15,2
20:18,20:20,2
20:33,20:35,2
20:43,20:45,2
20:58,21:00,2
21:13,21:15,2
21:28,21:30,2
21:43,21:45,2
21:58,22:00,2
22:08,22:10,2
22:33,22:35,2
22:43,22:45,2
23:08,23:10,2
23:23,23:25,2
00:08,00:10,2
08:13,08:15,2
09:13,09:15,2
10:28,10:30,2
10:58,11:00,2
11:28,11:30,2
12:28,12:30,2
13:43,13:45,2
13:59,14:00,2
14:58,15:00,2
06:08,06:10,2
06:37,06:39,2
07:12,07:14,2
07:39,07:41,2
13:08,13:10,2
14:13,14:15,2
14:58,15:00,2
15:24,15:26,2
15:40,15:42,2
16:12,16:14,2
07:01,07:03,2
20:53,20:53,0
07:24,07:26,0
07:54,07:56,0
18:25,18:27,0
19:21,19:23,0
19:27,19:29,0
19:51,19:53,0
20:59,21:01,0
23:09,23:11,0
06:34,06:36,0
06:56,06:58,0
07:15,07:17,0
07:39,07:41,0
07:59,08:01,0
08:30,08:32,0
08:44,08:46,0
08:59,09:01,0
09:26,09:28,0
09:54,09:56,0
10:01,10:03,0
10:24,10:26,0
11:00,11:02,0
11:14,11:16,0
11:50,11:52,0
12:32,12:34,0
12:49,12:51,0
13:11,13:13,0
13:24,13:26,0
13:34,13:36,0
14:11,14:13,0
14:44,14:46,0
15:25,15:27,0
15:31,15:33,0
15:55,15:57,0
16:14,16:16,0
16:46,16:48,0
16:53,16:55,0
17:04,17:06,0
17:19,17:21,0
17:38,17:40,0
18:01,18:03,0
18:22,18:24,0
18:43,18:45,0
19:31,19:33,0
19:44,19:46,0
20:00,20:02,0
20:14,20:16,0
21:09,21:11,0
21:29,21:31,0
21:50,21:52,0
22:04,22:06,0
22:41,22:43,0
23:05,23:07,0
23:39,23:41,0
06:04,06:05,0
05:05,05:07,0
05:26,05:28,0
06:17,06:19,0
06:32,06:34,0
07:05,07:07,0
07:15,07:17,0
07:35,07:37,0
08:12,08:14,0
08:22,08:24,0
08:31,08:33,0
08:48,08:50,0
09:05,09:07,0
09:22,09:24,0
09:41,09:43,0
10:07,10:09,0
10:24,10:26,0
10:32,10:34,0
11:02,11:04,0
11:13,11:15,0
11:20,11:22,0
12:01,12:03,0
12:32,12:34,0
12:48,12:50,0
13:05,13:07,0
13:58,14:00,0
14:18,14:20,0
14:34,14:36,0
14:51,14:53,0
15:37,15:39,0
15:54,15:56,0
16:05,16:07,0
16:33,16:35,0
17:03,17:05,0
17:11,17:13,0
17:18,17:20,0
17:47,17:49,0
18:01,18:03,0
18:12,18:14,0
18:19,18:21,0
18:56,18:58,0
19:18,19:20,0
20:17,20:19,0
20:48,20:50,0
21:17,21:19,0
21:34,21:36,0
22:07,22:09,0
22:16,22:18,0
22:51,22:53,0
23:22,23:28,0